"URL","Verdict","Coverage","Indexing State","Last Crawl","Crawled As","Robots.txt","Canonical","Rich Verdict","Rich Issues","Mobile Verdict","Mobile Issues"
"https://shivatechdigital.com","PASS","Submitted and indexed","INDEXING_ALLOWED","2026-08-10T12:17:37Z","MOBILE","ALLOWED","https://shivatechdigital.com","PASS","","VERDICT_UNSPECIFIED",""
"https://shivatechdigital.com/about","PASS","Submitted and indexed","INDEXING_ALLOWED","2026-07-30T19:30:45Z","MOBILE","ALLOWED","https://shivatechdigital.com/about","PASS","","VERDICT_UNSPECIFIED",""
"https://shivatechdigital.com/contact","PASS","Submitted and indexed","INDEXING_ALLOWED","2026-07-23T13:37:29Z","MOBILE","ALLOWED","https://shivatechdigital.com/contact","PASS","","VERDICT_UNSPECIFIED",""
"https://shivatechdigital.com/services","PASS","Submitted and indexed","INDEXING_ALLOWED","2026-07-02T18:56:46Z","MOBILE","ALLOWED","https://shivatechdigital.com/services","PASS","","VERDICT_UNSPECIFIED",""
"https://shivatechdigital.com/privacy-policy","NEUTRAL","Discovered - currently not indexed","INDEXING_STATE_UNSPECIFIED","","CRAWLING_USER_AGENT_UNSPECIFIED","ROBOTS_TXT_STATE_UNSPECIFIED","","N/A","","VERDICT_UNSPECIFIED",""
"https://shivatechdigital.com/terms-of-service","NEUTRAL","Discovered - currently not indexed","INDEXING_STATE_UNSPECIFIED","","CRAWLING_USER_AGENT_UNSPECIFIED","ROBOTS_TXT_STATE_UNSPECIFIED","","N/A","","VERDICT_UNSPECIFIED",""
"https://shivatechdigital.com/services/web-development","NEUTRAL","Discovered - currently not indexed","INDEXING_STATE_UNSPECIFIED","","CRAWLING_USER_AGENT_UNSPECIFIED","ROBOTS_TXT_STATE_UNSPECIFIED","","N/A","","VERDICT_UNSPECIFIED",""
"https://shivatechdigital.com/services/mobile-app-development","NEUTRAL","Discovered - currently not indexed","INDEXING_STATE_UNSPECIFIED","","CRAWLING_USER_AGENT_UNSPECIFIED","ROBOTS_TXT_STATE_UNSPECIFIED","","N/A","","VERDICT_UNSPECIFIED",""
"https://shivatechdigital.com/services/ui-ux-design","PASS","Submitted and indexed","INDEXING_ALLOWED","2026-07-18T08:45:18Z","MOBILE","ALLOWED","https://shivatechdigital.com/services/ui-ux-design","FAIL","Invalid object type for field ""<parent_node>""","VERDICT_UNSPECIFIED",""
"https://shivatechdigital.com/services/ecommerce-development","PASS","Submitted and indexed","INDEXING_ALLOWED","2026-07-08T14:53:21Z","MOBILE","ALLOWED","https://shivatechdigital.com/services/ecommerce-development","FAIL","Invalid object type for field ""<parent_node>""","VERDICT_UNSPECIFIED",""
"https://shivatechdigital.com/services/digital-marketing","NEUTRAL","Discovered - currently not indexed","INDEXING_STATE_UNSPECIFIED","","CRAWLING_USER_AGENT_UNSPECIFIED","ROBOTS_TXT_STATE_UNSPECIFIED","","N/A","","VERDICT_UNSPECIFIED",""
"https://shivatechdigital.com/services/seo-services","PASS","Submitted and indexed","INDEXING_ALLOWED","2026-07-18T01:47:15Z","MOBILE","ALLOWED","https://shivatechdigital.com/services/seo-services","FAIL","Invalid object type for field ""<parent_node>""","VERDICT_UNSPECIFIED",""
"https://shivatechdigital.com/services/social-media-marketing","NEUTRAL","Discovered - currently not indexed","INDEXING_STATE_UNSPECIFIED","","CRAWLING_USER_AGENT_UNSPECIFIED","ROBOTS_TXT_STATE_UNSPECIFIED","","N/A","","VERDICT_UNSPECIFIED",""
"https://shivatechdigital.com/services/content-marketing","PASS","Submitted and indexed","INDEXING_ALLOWED","2026-07-08T20:13:37Z","MOBILE","ALLOWED","https://shivatechdigital.com/services/content-marketing","FAIL","Invalid object type for field ""<parent_node>""","VERDICT_UNSPECIFIED",""
"https://shivatechdigital.com/services/cloud-solutions","NEUTRAL","Discovered - currently not indexed","INDEXING_STATE_UNSPECIFIED","","CRAWLING_USER_AGENT_UNSPECIFIED","ROBOTS_TXT_STATE_UNSPECIFIED","","N/A","","VERDICT_UNSPECIFIED",""
"https://shivatechdigital.com/services/maintenance-support","NEUTRAL","Discovered - currently not indexed","INDEXING_STATE_UNSPECIFIED","","CRAWLING_USER_AGENT_UNSPECIFIED","ROBOTS_TXT_STATE_UNSPECIFIED","","N/A","","VERDICT_UNSPECIFIED",""
"https://shivatechdigital.com/services/branding-services","NEUTRAL","URL is unknown to Google","INDEXING_STATE_UNSPECIFIED","","","ROBOTS_TXT_STATE_UNSPECIFIED","","N/A","","VERDICT_UNSPECIFIED",""
"https://shivatechdigital.com/services/graphic-design","NEUTRAL","Discovered - currently not indexed","INDEXING_STATE_UNSPECIFIED","","CRAWLING_USER_AGENT_UNSPECIFIED","ROBOTS_TXT_STATE_UNSPECIFIED","","N/A","","VERDICT_UNSPECIFIED",""
"https://shivatechdigital.com/services/video-production","NEUTRAL","URL is unknown to Google","INDEXING_STATE_UNSPECIFIED","","","ROBOTS_TXT_STATE_UNSPECIFIED","","N/A","","VERDICT_UNSPECIFIED",""
"https://shivatechdigital.com/services/web-development-noida","NEUTRAL","Discovered - currently not indexed","INDEXING_STATE_UNSPECIFIED","","CRAWLING_USER_AGENT_UNSPECIFIED","ROBOTS_TXT_STATE_UNSPECIFIED","","N/A","","VERDICT_UNSPECIFIED",""
"https://shivatechdigital.com/services/web-development-delhi","NEUTRAL","Discovered - currently not indexed","INDEXING_STATE_UNSPECIFIED","","CRAWLING_USER_AGENT_UNSPECIFIED","ROBOTS_TXT_STATE_UNSPECIFIED","","N/A","","VERDICT_UNSPECIFIED",""
"https://shivatechdigital.com/services/web-development-gurgaon","NEUTRAL","URL is unknown to Google","INDEXING_STATE_UNSPECIFIED","","","ROBOTS_TXT_STATE_UNSPECIFIED","","N/A","","VERDICT_UNSPECIFIED",""
"https://shivatechdigital.com/services/web-development-ghaziabad","NEUTRAL","Discovered - currently not indexed","INDEXING_STATE_UNSPECIFIED","","CRAWLING_USER_AGENT_UNSPECIFIED","ROBOTS_TXT_STATE_UNSPECIFIED","","N/A","","VERDICT_UNSPECIFIED",""
"https://shivatechdigital.com/services/mobile-app-development-noida","NEUTRAL","Discovered - currently not indexed","INDEXING_STATE_UNSPECIFIED","","CRAWLING_USER_AGENT_UNSPECIFIED","ROBOTS_TXT_STATE_UNSPECIFIED","","N/A","","VERDICT_UNSPECIFIED",""
"https://shivatechdigital.com/services/mobile-app-development-delhi","NEUTRAL","Discovered - currently not indexed","INDEXING_STATE_UNSPECIFIED","","CRAWLING_USER_AGENT_UNSPECIFIED","ROBOTS_TXT_STATE_UNSPECIFIED","","N/A","","VERDICT_UNSPECIFIED",""
"https://shivatechdigital.com/services/mobile-app-development-gurgaon","NEUTRAL","URL is unknown to Google","INDEXING_STATE_UNSPECIFIED","","","ROBOTS_TXT_STATE_UNSPECIFIED","","N/A","","VERDICT_UNSPECIFIED",""
"https://shivatechdigital.com/services/mobile-app-development-ghaziabad","NEUTRAL","Discovered - currently not indexed","INDEXING_STATE_UNSPECIFIED","","CRAWLING_USER_AGENT_UNSPECIFIED","ROBOTS_TXT_STATE_UNSPECIFIED","","N/A","","VERDICT_UNSPECIFIED",""
"https://shivatechdigital.com/services/cloud-migration-noida","NEUTRAL","Discovered - currently not indexed","INDEXING_STATE_UNSPECIFIED","","CRAWLING_USER_AGENT_UNSPECIFIED","ROBOTS_TXT_STATE_UNSPECIFIED","","N/A","","VERDICT_UNSPECIFIED",""
"https://shivatechdigital.com/services/cloud-migration-delhi","NEUTRAL","Discovered - currently not indexed","INDEXING_STATE_UNSPECIFIED","","CRAWLING_USER_AGENT_UNSPECIFIED","ROBOTS_TXT_STATE_UNSPECIFIED","","N/A","","VERDICT_UNSPECIFIED",""
"https://shivatechdigital.com/services/cloud-migration-gurgaon","NEUTRAL","Discovered - currently not indexed","INDEXING_STATE_UNSPECIFIED","","CRAWLING_USER_AGENT_UNSPECIFIED","ROBOTS_TXT_STATE_UNSPECIFIED","","N/A","","VERDICT_UNSPECIFIED",""
"https://shivatechdigital.com/services/cloud-migration-ghaziabad","NEUTRAL","Discovered - currently not indexed","INDEXING_STATE_UNSPECIFIED","","CRAWLING_USER_AGENT_UNSPECIFIED","ROBOTS_TXT_STATE_UNSPECIFIED","","N/A","","VERDICT_UNSPECIFIED",""
"https://shivatechdigital.com/blog/aws-cloud-migration-services-2026","NEUTRAL","Discovered - currently not indexed","INDEXING_STATE_UNSPECIFIED","","CRAWLING_USER_AGENT_UNSPECIFIED","ROBOTS_TXT_STATE_UNSPECIFIED","","N/A","","VERDICT_UNSPECIFIED",""
"https://shivatechdigital.com/blog/digital-transformation-trends-2026","NEUTRAL","Discovered - currently not indexed","INDEXING_STATE_UNSPECIFIED","","CRAWLING_USER_AGENT_UNSPECIFIED","ROBOTS_TXT_STATE_UNSPECIFIED","","N/A","","VERDICT_UNSPECIFIED",""
"https://shivatechdigital.com/blog/shopify-d2c-ecommerce-solutions-2026","NEUTRAL","Discovered - currently not indexed","INDEXING_STATE_UNSPECIFIED","","CRAWLING_USER_AGENT_UNSPECIFIED","ROBOTS_TXT_STATE_UNSPECIFIED","","N/A","","VERDICT_UNSPECIFIED",""
"https://shivatechdigital.com/blog/digital-transformation-2026","NEUTRAL","URL is unknown to Google","INDEXING_STATE_UNSPECIFIED","","","ROBOTS_TXT_STATE_UNSPECIFIED","","N/A","","VERDICT_UNSPECIFIED",""
"https://shivatechdigital.com/blog/sge-schema-markup-guide-2026","PASS","Submitted and indexed","INDEXING_ALLOWED","2026-08-04T08:23:52Z","MOBILE","ALLOWED","https://shivatechdigital.com/blog/sge-schema-markup-guide-2026","N/A","","VERDICT_UNSPECIFIED",""
"https://shivatechdigital.com/blog/flutter-react-native-india-2026","PASS","Submitted and indexed","INDEXING_ALLOWED","2026-07-24T19:17:18Z","MOBILE","ALLOWED","https://shivatechdigital.com/blog/flutter-react-native-india-2026","N/A","","VERDICT_UNSPECIFIED",""
"https://shivatechdigital.com/blog/digital-transformation-guide-2026","PASS","Submitted and indexed","INDEXING_ALLOWED","2026-08-06T18:40:13Z","MOBILE","ALLOWED","https://shivatechdigital.com/blog/digital-transformation-guide-2026","N/A","","VERDICT_UNSPECIFIED",""
"https://shivatechdigital.com/blog/digital-growth-hacking-2026","NEUTRAL","URL is unknown to Google","INDEXING_STATE_UNSPECIFIED","","","ROBOTS_TXT_STATE_UNSPECIFIED","","N/A","","VERDICT_UNSPECIFIED",""
"https://shivatechdigital.com/blog/core-web-vitals-seo-2026","PASS","Submitted and indexed","INDEXING_ALLOWED","2026-07-15T06:01:25Z","MOBILE","ALLOWED","https://shivatechdigital.com/blog/core-web-vitals-seo-2026","N/A","","VERDICT_UNSPECIFIED",""
"https://shivatechdigital.com/blog/hydrogen-shopify-headless-commerce-guide-2026","NEUTRAL","Discovered - currently not indexed","INDEXING_STATE_UNSPECIFIED","","CRAWLING_USER_AGENT_UNSPECIFIED","ROBOTS_TXT_STATE_UNSPECIFIED","","N/A","","VERDICT_UNSPECIFIED",""
"https://shivatechdigital.com/blog/ppc-advertising-2026","PASS","Submitted and indexed","INDEXING_ALLOWED","2026-07-14T18:42:14Z","MOBILE","ALLOWED","https://shivatechdigital.com/blog/ppc-advertising-2026","PASS","","VERDICT_UNSPECIFIED",""
"https://shivatechdigital.com/blog/next-js-laravel-api-guide-2026","NEUTRAL","URL is unknown to Google","INDEXING_STATE_UNSPECIFIED","","","ROBOTS_TXT_STATE_UNSPECIFIED","","N/A","","VERDICT_UNSPECIFIED",""
"https://shivatechdigital.com/blog/laravel-php-development-guide-2026","PASS","Submitted and indexed","INDEXING_ALLOWED","2026-07-18T02:17:49Z","MOBILE","ALLOWED","https://shivatechdigital.com/blog/laravel-php-development-guide-2026","N/A","","VERDICT_UNSPECIFIED",""
"https://shivatechdigital.com/blog/laravel-php-developer-guide-2026","NEUTRAL","Discovered - currently not indexed","INDEXING_STATE_UNSPECIFIED","","CRAWLING_USER_AGENT_UNSPECIFIED","ROBOTS_TXT_STATE_UNSPECIFIED","","N/A","","VERDICT_UNSPECIFIED",""
"https://shivatechdigital.com/blog/azure-cloud-migration-solutions-2026","NEUTRAL","Discovered - currently not indexed","INDEXING_STATE_UNSPECIFIED","","CRAWLING_USER_AGENT_UNSPECIFIED","ROBOTS_TXT_STATE_UNSPECIFIED","","N/A","","VERDICT_UNSPECIFIED",""
"https://shivatechdigital.com/blog/shopify-ai-integration-guide-2026","PASS","Submitted and indexed","INDEXING_ALLOWED","2026-07-15T06:58:59Z","MOBILE","ALLOWED","https://shivatechdigital.com/blog/shopify-ai-integration-guide-2026","N/A","","VERDICT_UNSPECIFIED",""
"https://shivatechdigital.com/blog/exact-topic-from-research","NEUTRAL","Server error (5xx)","INDEXING_STATE_UNSPECIFIED","2026-07-23T05:02:05Z","MOBILE","ALLOWED","","N/A","","VERDICT_UNSPECIFIED",""
"https://shivatechdigital.com/blog/aws-cloud-migration-guide-2026","PASS","Submitted and indexed","INDEXING_ALLOWED","2026-07-26T23:25:31Z","MOBILE","ALLOWED","https://shivatechdigital.com/blog/aws-cloud-migration-guide-2026","N/A","","VERDICT_UNSPECIFIED",""
"https://shivatechdigital.com/blog/nextjs-performance-optimization-guide-2026","PASS","Submitted and indexed","INDEXING_ALLOWED","2026-07-07T19:19:45Z","MOBILE","ALLOWED","https://shivatechdigital.com/blog/nextjs-performance-optimization-guide-2026","N/A","","VERDICT_UNSPECIFIED",""
"https://shivatechdigital.com/blog/ai-powered-ppc-lead-generation-india-2026","PASS","Submitted and indexed","INDEXING_ALLOWED","2026-07-28T20:06:35Z","MOBILE","ALLOWED","https://shivatechdigital.com/blog/ai-powered-ppc-lead-generation-india-2026","N/A","","VERDICT_UNSPECIFIED",""
"https://shivatechdigital.com/blog/digital-marketing-noida-guide-2026","PASS","Submitted and indexed","INDEXING_ALLOWED","2026-08-08T10:13:35Z","MOBILE","ALLOWED","https://shivatechdigital.com/blog/digital-marketing-noida-guide-2026","N/A","","VERDICT_UNSPECIFIED",""
"https://shivatechdigital.com/blog/laravel-node-js-integration-2026","NEUTRAL","URL is unknown to Google","INDEXING_STATE_UNSPECIFIED","","","ROBOTS_TXT_STATE_UNSPECIFIED","","N/A","","VERDICT_UNSPECIFIED",""
"https://shivatechdigital.com/blog/shopify-vs-woocommerce","NEUTRAL","Discovered - currently not indexed","INDEXING_STATE_UNSPECIFIED","","CRAWLING_USER_AGENT_UNSPECIFIED","ROBOTS_TXT_STATE_UNSPECIFIED","","N/A","","VERDICT_UNSPECIFIED",""
"https://shivatechdigital.com/blog/d2c-growth-shopify-plus-india-2026","PASS","Submitted and indexed","INDEXING_ALLOWED","2026-07-28T14:31:36Z","MOBILE","ALLOWED","https://shivatechdigital.com/blog/d2c-growth-shopify-plus-india-2026","N/A","","VERDICT_UNSPECIFIED",""
"https://shivatechdigital.com/blog/digital-business-trends-2026","PASS","Submitted and indexed","INDEXING_ALLOWED","2026-08-07T18:58:15Z","MOBILE","ALLOWED","https://shivatechdigital.com/blog/digital-business-trends-2026","N/A","","VERDICT_UNSPECIFIED",""
"https://shivatechdigital.com/blog/ppc-sales-2026","PASS","Submitted and indexed","INDEXING_ALLOWED","2026-07-20T12:00:42Z","MOBILE","ALLOWED","https://shivatechdigital.com/blog/ppc-sales-2026","N/A","","VERDICT_UNSPECIFIED",""
"https://shivatechdigital.com/blog/headless-d2c-india-future","PASS","Submitted and indexed","INDEXING_ALLOWED","2026-07-17T21:21:47Z","MOBILE","ALLOWED","https://shivatechdigital.com/blog/headless-d2c-india-future","N/A","","VERDICT_UNSPECIFIED",""
"https://shivatechdigital.com/blog/cloud-migration-cost-guide-2026","PASS","Submitted and indexed","INDEXING_ALLOWED","2026-07-17T06:48:44Z","MOBILE","ALLOWED","https://shivatechdigital.com/blog/cloud-migration-cost-guide-2026","N/A","","VERDICT_UNSPECIFIED",""
"https://shivatechdigital.com/blog/ai-influencer-marketing-india-2026","PASS","Submitted and indexed","INDEXING_ALLOWED","2026-07-20T12:31:18Z","MOBILE","ALLOWED","https://shivatechdigital.com/blog/ai-influencer-marketing-india-2026","N/A","","VERDICT_UNSPECIFIED",""
"https://shivatechdigital.com/blog/legacy-php-to-laravel-migration","PASS","Submitted and indexed","INDEXING_ALLOWED","2026-07-17T21:28:38Z","MOBILE","ALLOWED","https://shivatechdigital.com/blog/legacy-php-to-laravel-migration","N/A","","VERDICT_UNSPECIFIED",""
"https://shivatechdigital.com/blog/metaverse-business-models-2026","PASS","Submitted and indexed","INDEXING_ALLOWED","2026-08-06T17:43:32Z","MOBILE","ALLOWED","https://shivatechdigital.com/blog/metaverse-business-models-2026","N/A","","VERDICT_UNSPECIFIED",""
"https://shivatechdigital.com/blog/d2c-headless-commerce-guide-2026","PASS","Submitted and indexed","INDEXING_ALLOWED","2026-07-08T20:42:50Z","MOBILE","ALLOWED","https://shivatechdigital.com/blog/d2c-headless-commerce-guide-2026","N/A","","VERDICT_UNSPECIFIED",""
"https://shivatechdigital.com/blog/digital-growth-strategies-2026","NEUTRAL","Discovered - currently not indexed","INDEXING_STATE_UNSPECIFIED","","CRAWLING_USER_AGENT_UNSPECIFIED","ROBOTS_TXT_STATE_UNSPECIFIED","","N/A","","VERDICT_UNSPECIFIED",""
"https://shivatechdigital.com/blog/ppc-ads-2026","PASS","Submitted and indexed","INDEXING_ALLOWED","2026-07-14T19:10:00Z","MOBILE","ALLOWED","https://shivatechdigital.com/blog/ppc-ads-2026","N/A","","VERDICT_UNSPECIFIED",""
"https://shivatechdigital.com/blog/local-seo-india-guide-2026","PASS","Submitted and indexed","INDEXING_ALLOWED","2026-07-15T06:05:30Z","MOBILE","ALLOWED","https://shivatechdigital.com/blog/local-seo-india-guide-2026","N/A","","VERDICT_UNSPECIFIED",""
"https://shivatechdigital.com/blog/laravel-ecommerce-2026","PASS","Submitted and indexed","INDEXING_ALLOWED","2026-07-14T11:11:25Z","MOBILE","ALLOWED","https://shivatechdigital.com/blog/laravel-ecommerce-2026","N/A","","VERDICT_UNSPECIFIED",""
"https://shivatechdigital.com/blog/ai-overviews-seo-guide-2026","PASS","Submitted and indexed","INDEXING_ALLOWED","2026-07-15T06:36:24Z","MOBILE","ALLOWED","https://shivatechdigital.com/blog/ai-overviews-seo-guide-2026","N/A","","VERDICT_UNSPECIFIED",""
"https://shivatechdigital.com/blog/react-native-business-apps-2026-trends","NEUTRAL","Discovered - currently not indexed","INDEXING_STATE_UNSPECIFIED","","CRAWLING_USER_AGENT_UNSPECIFIED","ROBOTS_TXT_STATE_UNSPECIFIED","","N/A","","VERDICT_UNSPECIFIED",""
"https://shivatechdigital.com/blog/flutter-app-development-trends-2026","NEUTRAL","Discovered - currently not indexed","INDEXING_STATE_UNSPECIFIED","","CRAWLING_USER_AGENT_UNSPECIFIED","ROBOTS_TXT_STATE_UNSPECIFIED","","N/A","","VERDICT_UNSPECIFIED",""
"https://shivatechdigital.com/blog/flutter-app-development-companies-in-india-2026","PASS","Submitted and indexed","INDEXING_ALLOWED","2026-07-22T01:31:26Z","MOBILE","ALLOWED","https://shivatechdigital.com/blog/flutter-app-development-companies-in-india-2026","N/A","","VERDICT_UNSPECIFIED",""
"https://shivatechdigital.com/blog/d2c-headless-strategy-india-2026","PASS","Submitted and indexed","INDEXING_ALLOWED","2026-07-09T03:09:15Z","MOBILE","ALLOWED","https://shivatechdigital.com/blog/d2c-headless-strategy-india-2026","N/A","","VERDICT_UNSPECIFIED",""
"https://shivatechdigital.com/blog/headless-commerce-india-growth","PASS","Submitted and indexed","INDEXING_ALLOWED","2026-07-09T03:06:28Z","MOBILE","ALLOWED","https://shivatechdigital.com/blog/headless-commerce-india-growth","N/A","","VERDICT_UNSPECIFIED",""
"https://shivatechdigital.com/blog/aws-migration-cost","PASS","Submitted and indexed","INDEXING_ALLOWED","2026-08-06T19:07:24Z","MOBILE","ALLOWED","https://shivatechdigital.com/blog/aws-migration-cost","N/A","","VERDICT_UNSPECIFIED",""
"https://shivatechdigital.com/blog/laravel-react-performance-2026","PASS","Submitted and indexed","INDEXING_ALLOWED","2026-07-28T21:58:48Z","MOBILE","ALLOWED","https://shivatechdigital.com/blog/laravel-react-performance-2026","N/A","","VERDICT_UNSPECIFIED",""
"https://shivatechdigital.com/blog/ppc-marketing-strategy-2026","NEUTRAL","URL is unknown to Google","INDEXING_STATE_UNSPECIFIED","","","ROBOTS_TXT_STATE_UNSPECIFIED","","N/A","","VERDICT_UNSPECIFIED",""
"https://shivatechdigital.com/blog/digital-business-growth-2026","NEUTRAL","URL is unknown to Google","INDEXING_STATE_UNSPECIFIED","","","ROBOTS_TXT_STATE_UNSPECIFIED","","N/A","","VERDICT_UNSPECIFIED",""
"https://shivatechdigital.com/blog/metaverse-business-growth-2026","NEUTRAL","URL is unknown to Google","INDEXING_STATE_UNSPECIFIED","","","ROBOTS_TXT_STATE_UNSPECIFIED","","N/A","","VERDICT_UNSPECIFIED",""
"https://shivatechdigital.com/blog/shopify-headless-commerce-solutions-2026","NEUTRAL","Discovered - currently not indexed","INDEXING_STATE_UNSPECIFIED","","CRAWLING_USER_AGENT_UNSPECIFIED","ROBOTS_TXT_STATE_UNSPECIFIED","","N/A","","VERDICT_UNSPECIFIED",""
"https://shivatechdigital.com/blog/ai-content-strategy-guide-2026","PASS","Submitted and indexed","INDEXING_ALLOWED","2026-08-08T10:07:13Z","MOBILE","ALLOWED","https://shivatechdigital.com/blog/ai-content-strategy-guide-2026","N/A","","VERDICT_UNSPECIFIED",""
"https://shivatechdigital.com/blog/composable-commerce-platform-d2c-2026","PASS","Submitted and indexed","INDEXING_ALLOWED","2026-07-24T17:24:48Z","MOBILE","ALLOWED","https://shivatechdigital.com/blog/composable-commerce-platform-d2c-2026","N/A","","VERDICT_UNSPECIFIED",""
"https://shivatechdigital.com/blog/ppc-ads-management-2026","PASS","Submitted and indexed","INDEXING_ALLOWED","2026-07-20T17:52:50Z","MOBILE","ALLOWED","https://shivatechdigital.com/blog/ppc-ads-management-2026","PASS","","VERDICT_UNSPECIFIED",""
"https://shivatechdigital.com/blog/performance-max-ai-india-2026","PASS","Submitted and indexed","INDEXING_ALLOWED","2026-07-23T11:47:54Z","MOBILE","ALLOWED","https://shivatechdigital.com/blog/performance-max-ai-india-2026","N/A","","VERDICT_UNSPECIFIED",""
"https://shivatechdigital.com/blog/cloud-migration-costs-2026","PASS","Submitted and indexed","INDEXING_ALLOWED","2026-07-17T22:47:40Z","MOBILE","ALLOWED","https://shivatechdigital.com/blog/cloud-migration-costs-2026","FAIL","Parsing error: Missing ',' or '}'","VERDICT_UNSPECIFIED",""
"https://shivatechdigital.com/blog/azure-migration-costs-india-2026","PASS","Submitted and indexed","INDEXING_ALLOWED","2026-07-29T15:13:20Z","MOBILE","ALLOWED","https://shivatechdigital.com/blog/azure-migration-costs-india-2026","N/A","","VERDICT_UNSPECIFIED",""
"https://shivatechdigital.com/blog/ai-instagram-marketing-2026","PASS","Submitted and indexed","INDEXING_ALLOWED","2026-08-06T19:12:17Z","MOBILE","ALLOWED","https://shivatechdigital.com/blog/ai-instagram-marketing-2026","N/A","","VERDICT_UNSPECIFIED",""
"https://shivatechdigital.com/blog/ai-ppc-ads-2026","PASS","Submitted and indexed","INDEXING_ALLOWED","2026-07-15T19:45:42Z","MOBILE","ALLOWED","https://shivatechdigital.com/blog/ai-ppc-ads-2026","N/A","","VERDICT_UNSPECIFIED",""
"https://shivatechdigital.com/blog/instagram-reels-ai-guide-2026","PASS","Submitted and indexed","INDEXING_ALLOWED","2026-07-08T20:40:06Z","MOBILE","ALLOWED","https://shivatechdigital.com/blog/instagram-reels-ai-guide-2026","N/A","","VERDICT_UNSPECIFIED",""
"https://shivatechdigital.com/blog/digital-growth-in-india-2026","NEUTRAL","Discovered - currently not indexed","INDEXING_STATE_UNSPECIFIED","","CRAWLING_USER_AGENT_UNSPECIFIED","ROBOTS_TXT_STATE_UNSPECIFIED","","N/A","","VERDICT_UNSPECIFIED",""
"https://shivatechdigital.com/blog/nextjs-ai-integration-guide-2026","PASS","Submitted and indexed","INDEXING_ALLOWED","2026-07-26T11:39:33Z","MOBILE","ALLOWED","https://shivatechdigital.com/blog/nextjs-ai-integration-guide-2026","N/A","","VERDICT_UNSPECIFIED",""
"https://shivatechdigital.com/blog/cloud-cost-optimization-india-2026","PASS","Submitted and indexed","INDEXING_ALLOWED","2026-07-29T13:23:48Z","MOBILE","ALLOWED","https://shivatechdigital.com/blog/cloud-cost-optimization-india-2026","N/A","","VERDICT_UNSPECIFIED",""
"https://shivatechdigital.com/blog/blog-post-2026","NEUTRAL","Discovered - currently not indexed","INDEXING_STATE_UNSPECIFIED","","CRAWLING_USER_AGENT_UNSPECIFIED","ROBOTS_TXT_STATE_UNSPECIFIED","","N/A","","VERDICT_UNSPECIFIED",""
"https://shivatechdigital.com/blog/ai-ppc-strategies-guide-2026","NEUTRAL","Discovered - currently not indexed","INDEXING_STATE_UNSPECIFIED","","CRAWLING_USER_AGENT_UNSPECIFIED","ROBOTS_TXT_STATE_UNSPECIFIED","","N/A","","VERDICT_UNSPECIFIED",""
"https://shivatechdigital.com/blog/laravel-php-development-trends-2026","PASS","Submitted and indexed","INDEXING_ALLOWED","2026-07-26T12:08:21Z","MOBILE","ALLOWED","https://shivatechdigital.com/blog/laravel-php-development-trends-2026","N/A","","VERDICT_UNSPECIFIED",""
"https://shivatechdigital.com/blog/shopify-d2c-trends-guide-2026","PASS","Submitted and indexed","INDEXING_ALLOWED","2026-07-08T20:47:57Z","MOBILE","ALLOWED","https://shivatechdigital.com/blog/shopify-d2c-trends-guide-2026","N/A","","VERDICT_UNSPECIFIED",""
"https://shivatechdigital.com/blog/shopify-d2c-store-setup-2026","PASS","Submitted and indexed","INDEXING_ALLOWED","2026-07-31T17:07:28Z","MOBILE","ALLOWED","https://shivatechdigital.com/blog/shopify-d2c-store-setup-2026","N/A","","VERDICT_UNSPECIFIED",""
"https://shivatechdigital.com/blog/digital-growth-hacks-2026","NEUTRAL","Discovered - currently not indexed","INDEXING_STATE_UNSPECIFIED","","CRAWLING_USER_AGENT_UNSPECIFIED","ROBOTS_TXT_STATE_UNSPECIFIED","","N/A","","VERDICT_UNSPECIFIED",""
"https://shivatechdigital.com/blog/flutter-ai-apps-guide-2026","PASS","Submitted and indexed","INDEXING_ALLOWED","2026-07-07T17:38:30Z","MOBILE","ALLOWED","https://shivatechdigital.com/blog/flutter-ai-apps-guide-2026","N/A","","VERDICT_UNSPECIFIED",""
"https://shivatechdigital.com/blog/digital-asset-trends-2026","PASS","Submitted and indexed","INDEXING_ALLOWED","2026-08-06T17:49:03Z","MOBILE","ALLOWED","https://shivatechdigital.com/blog/digital-asset-trends-2026","N/A","","VERDICT_UNSPECIFIED",""
"https://shivatechdigital.com/blog/digital-trends-2026","NEUTRAL","Discovered - currently not indexed","INDEXING_STATE_UNSPECIFIED","","CRAWLING_USER_AGENT_UNSPECIFIED","ROBOTS_TXT_STATE_UNSPECIFIED","","N/A","","VERDICT_UNSPECIFIED",""
"https://shivatechdigital.com/blog/ecommerce-trends-2026-report","NEUTRAL","Discovered - currently not indexed","INDEXING_STATE_UNSPECIFIED","","CRAWLING_USER_AGENT_UNSPECIFIED","ROBOTS_TXT_STATE_UNSPECIFIED","","N/A","","VERDICT_UNSPECIFIED",""
"https://shivatechdigital.com/blog/d2c-growth-strategies-2026","PASS","Submitted and indexed","INDEXING_ALLOWED","2026-07-17T16:27:46Z","MOBILE","ALLOWED","https://shivatechdigital.com/blog/d2c-growth-strategies-2026","N/A","","VERDICT_UNSPECIFIED",""
"https://shivatechdigital.com/blog/aws-migration-strategy-2026","PASS","Submitted and indexed","INDEXING_ALLOWED","2026-08-06T17:43:38Z","MOBILE","ALLOWED","https://shivatechdigital.com/blog/aws-migration-strategy-2026","N/A","","VERDICT_UNSPECIFIED",""
"https://shivatechdigital.com/blog/ai-email-campaigns-lead-generation-2026","PASS","Submitted and indexed","INDEXING_ALLOWED","2026-08-08T09:55:57Z","MOBILE","ALLOWED","https://shivatechdigital.com/blog/ai-email-campaigns-lead-generation-2026","N/A","","VERDICT_UNSPECIFIED",""
"https://shivatechdigital.com/blog/kubernetes-adoption-india-2026","PASS","Submitted and indexed","INDEXING_ALLOWED","2026-08-06T19:11:18Z","MOBILE","ALLOWED","https://shivatechdigital.com/blog/kubernetes-adoption-india-2026","N/A","","VERDICT_UNSPECIFIED",""
"https://shivatechdigital.com/blog/effective-landing-page-ppc-strategies-2026","PASS","Submitted and indexed","INDEXING_ALLOWED","2026-07-30T19:20:06Z","MOBILE","ALLOWED","https://shivatechdigital.com/blog/effective-landing-page-ppc-strategies-2026","N/A","","VERDICT_UNSPECIFIED",""
"https://shivatechdigital.com/blog/sap-to-azure-india-2026","NEUTRAL","Crawled - currently not indexed","INDEXING_ALLOWED","2026-07-30T17:42:02Z","MOBILE","ALLOWED","https://shivatechdigital.com/blog/sap-to-azure-india-2026","N/A","","VERDICT_UNSPECIFIED",""
"https://shivatechdigital.com/blog/flutter-cross-platform-apps-2026","PASS","Submitted and indexed","INDEXING_ALLOWED","2026-08-01T16:10:19Z","MOBILE","ALLOWED","https://shivatechdigital.com/blog/flutter-cross-platform-apps-2026","N/A","","VERDICT_UNSPECIFIED",""
"https://shivatechdigital.com/blog/ai-digital-trends-2026","PASS","Submitted and indexed","INDEXING_ALLOWED","2026-08-06T19:07:55Z","MOBILE","ALLOWED","https://shivatechdigital.com/blog/ai-digital-trends-2026","N/A","","VERDICT_UNSPECIFIED",""
"https://shivatechdigital.com/blog/ai-personalization-d2c-guide-2026","PASS","Submitted and indexed","INDEXING_ALLOWED","2026-07-31T21:50:16Z","MOBILE","ALLOWED","https://shivatechdigital.com/blog/ai-personalization-d2c-guide-2026","N/A","","VERDICT_UNSPECIFIED",""
"https://shivatechdigital.com/blog/cloud-cost-optimization-guide-2026","PASS","Submitted and indexed","INDEXING_ALLOWED","2026-07-07T18:49:43Z","MOBILE","ALLOWED","https://shivatechdigital.com/blog/cloud-cost-optimization-guide-2026","N/A","","VERDICT_UNSPECIFIED",""
"https://shivatechdigital.com/blog/multi-cloud-finops-guide-2026","PASS","Submitted and indexed","INDEXING_ALLOWED","2026-07-07T18:14:26Z","MOBILE","ALLOWED","https://shivatechdigital.com/blog/multi-cloud-finops-guide-2026","N/A","","VERDICT_UNSPECIFIED",""
"https://shivatechdigital.com/blog/ai-ppc-strategies-2026","PASS","Submitted and indexed","INDEXING_ALLOWED","2026-07-07T17:11:14Z","MOBILE","ALLOWED","https://shivatechdigital.com/blog/ai-ppc-strategies-2026","N/A","","VERDICT_UNSPECIFIED",""
"https://shivatechdigital.com/blog/digital-marketing-guide-2026","PASS","Submitted and indexed","INDEXING_ALLOWED","2026-07-17T07:21:48Z","MOBILE","ALLOWED","https://shivatechdigital.com/blog/digital-marketing-guide-2026","N/A","","VERDICT_UNSPECIFIED",""
"https://shivatechdigital.com/blog/ai-lead-generation-strategies-2026","PASS","Submitted and indexed","INDEXING_ALLOWED","2026-07-07T17:08:06Z","MOBILE","ALLOWED","https://shivatechdigital.com/blog/ai-lead-generation-strategies-2026","N/A","","VERDICT_UNSPECIFIED",""
"https://shivatechdigital.com/blog/ai-ppc-lead-generation-2026","PASS","Submitted and indexed","INDEXING_ALLOWED","2026-07-07T17:40:45Z","MOBILE","ALLOWED","https://shivatechdigital.com/blog/ai-ppc-lead-generation-2026","N/A","","VERDICT_UNSPECIFIED",""
"https://shivatechdigital.com/blog/d2c-sales-shopify-india-2026","PASS","Submitted and indexed","INDEXING_ALLOWED","2026-07-08T20:42:40Z","MOBILE","ALLOWED","https://shivatechdigital.com/blog/d2c-sales-shopify-india-2026","N/A","","VERDICT_UNSPECIFIED",""
"https://shivatechdigital.com/blog/d2c-headless-commerce-india-2026","PASS","Submitted and indexed","INDEXING_ALLOWED","2026-07-09T01:14:38Z","MOBILE","ALLOWED","https://shivatechdigital.com/blog/d2c-headless-commerce-india-2026","N/A","","VERDICT_UNSPECIFIED",""
"https://shivatechdigital.com/blog/flutter-ai-app-development-guide-2026","PASS","Submitted and indexed","INDEXING_ALLOWED","2026-07-15T06:29:49Z","MOBILE","ALLOWED","https://shivatechdigital.com/blog/flutter-ai-app-development-guide-2026","N/A","","VERDICT_UNSPECIFIED",""
"https://shivatechdigital.com/blog/shopify-store-optimization-2026","PASS","Submitted and indexed","INDEXING_ALLOWED","2026-07-14T17:15:19Z","MOBILE","ALLOWED","https://shivatechdigital.com/blog/shopify-store-optimization-2026","N/A","","VERDICT_UNSPECIFIED",""
"https://shivatechdigital.com/blog/shopify-india-2026","PASS","Submitted and indexed","INDEXING_ALLOWED","2026-07-14T13:08:40Z","MOBILE","ALLOWED","https://shivatechdigital.com/blog/shopify-india-2026","N/A","","VERDICT_UNSPECIFIED",""
"https://shivatechdigital.com/blog/finops-cloud-migration-guide-2026","PASS","Submitted and indexed","INDEXING_ALLOWED","2026-07-15T06:47:07Z","MOBILE","ALLOWED","https://shivatechdigital.com/blog/finops-cloud-migration-guide-2026","N/A","","VERDICT_UNSPECIFIED",""
"https://shivatechdigital.com/blog/lead-generation-2026","PASS","Submitted and indexed","INDEXING_ALLOWED","2026-07-14T19:19:33Z","MOBILE","ALLOWED","https://shivatechdigital.com/blog/lead-generation-2026","N/A","","VERDICT_UNSPECIFIED",""
"https://shivatechdigital.com/blog/nextjs-performance-guide-2026","PASS","Submitted and indexed","INDEXING_ALLOWED","2026-07-31T01:45:12Z","MOBILE","ALLOWED","https://shivatechdigital.com/blog/nextjs-performance-guide-2026","N/A","","VERDICT_UNSPECIFIED",""
"https://shivatechdigital.com/blog/laravel-php-2026","PASS","Submitted and indexed","INDEXING_ALLOWED","2026-07-14T10:48:01Z","MOBILE","ALLOWED","https://shivatechdigital.com/blog/laravel-php-2026","N/A","","VERDICT_UNSPECIFIED",""
"https://shivatechdigital.com/blog/flutter-app-development-2026","PASS","Submitted and indexed","INDEXING_ALLOWED","2026-07-17T06:45:19Z","MOBILE","ALLOWED","https://shivatechdigital.com/blog/flutter-app-development-2026","N/A","","VERDICT_UNSPECIFIED",""
"https://shivatechdigital.com/blog/youtube-marketing-2026","PASS","Submitted and indexed","INDEXING_ALLOWED","2026-07-15T05:57:20Z","MOBILE","ALLOWED","https://shivatechdigital.com/blog/youtube-marketing-2026","N/A","","VERDICT_UNSPECIFIED",""
"https://shivatechdigital.com/blog/instagram-sales-2026","PASS","Submitted and indexed","INDEXING_ALLOWED","2026-07-15T04:12:09Z","MOBILE","ALLOWED","https://shivatechdigital.com/blog/instagram-sales-2026","N/A","","VERDICT_UNSPECIFIED",""
"https://shivatechdigital.com/blog/reels-marketing-strategy-2026","PASS","Submitted and indexed","INDEXING_ALLOWED","2026-07-15T06:47:52Z","MOBILE","ALLOWED","https://shivatechdigital.com/blog/reels-marketing-strategy-2026","N/A","","VERDICT_UNSPECIFIED",""
"https://shivatechdigital.com/blog/laravel-php-development-2026","PASS","Submitted and indexed","INDEXING_ALLOWED","2026-07-14T10:44:47Z","MOBILE","ALLOWED","https://shivatechdigital.com/blog/laravel-php-development-2026","N/A","","VERDICT_UNSPECIFIED",""
"https://shivatechdigital.com/blog/nodejs-development-2026","PASS","Submitted and indexed","INDEXING_ALLOWED","2026-07-15T23:03:48Z","MOBILE","ALLOWED","https://shivatechdigital.com/blog/nodejs-development-2026","N/A","","VERDICT_UNSPECIFIED",""
"https://shivatechdigital.com/blog/digital-marketing-ppc-2026","PASS","Submitted and indexed","INDEXING_ALLOWED","2026-07-16T10:18:07Z","MOBILE","ALLOWED","https://shivatechdigital.com/blog/digital-marketing-ppc-2026","N/A","","VERDICT_UNSPECIFIED",""
"https://shivatechdigital.com/blog/flutter-vs-react-native-guide-2026","PASS","Submitted and indexed","INDEXING_ALLOWED","2026-07-17T03:16:33Z","MOBILE","ALLOWED","https://shivatechdigital.com/blog/flutter-vs-react-native-guide-2026","N/A","","VERDICT_UNSPECIFIED",""
"https://shivatechdigital.com/blog/b2b-lead-generation-strategies-2026","PASS","Submitted and indexed","INDEXING_ALLOWED","2026-07-16T16:38:42Z","MOBILE","ALLOWED","https://shivatechdigital.com/blog/b2b-lead-generation-strategies-2026","N/A","","VERDICT_UNSPECIFIED",""
"https://shivatechdigital.com/blog/lead-generation-india-2026","PASS","Submitted and indexed","INDEXING_ALLOWED","2026-07-17T00:10:44Z","MOBILE","ALLOWED","https://shivatechdigital.com/blog/lead-generation-india-2026","PASS","","VERDICT_UNSPECIFIED",""
"https://shivatechdigital.com/blog/cloud-migration-strategy-2026","PASS","Submitted and indexed","INDEXING_ALLOWED","2026-07-16T23:52:37Z","MOBILE","ALLOWED","https://shivatechdigital.com/blog/cloud-migration-strategy-2026","N/A","","VERDICT_UNSPECIFIED",""
"https://shivatechdigital.com/blog/cloud-finops-strategy-guide-2026","PASS","Submitted and indexed","INDEXING_ALLOWED","2026-07-19T03:32:41Z","MOBILE","ALLOWED","https://shivatechdigital.com/blog/cloud-finops-strategy-guide-2026","N/A","","VERDICT_UNSPECIFIED",""
"https://shivatechdigital.com/blog/headless-shopify-2026","PASS","Submitted and indexed","INDEXING_ALLOWED","2026-07-19T02:03:28Z","MOBILE","ALLOWED","https://shivatechdigital.com/blog/headless-shopify-2026","N/A","","VERDICT_UNSPECIFIED",""
"https://shivatechdigital.com/blog/headless-wordpress-react-guide","PASS","Submitted and indexed","INDEXING_ALLOWED","2026-07-20T11:30:06Z","MOBILE","ALLOWED","https://shivatechdigital.com/blog/headless-wordpress-react-guide","N/A","","VERDICT_UNSPECIFIED",""
"https://shivatechdigital.com/blog/laravel-api-integration-services-2026","PASS","Submitted and indexed","INDEXING_ALLOWED","2026-07-20T10:40:43Z","MOBILE","ALLOWED","https://shivatechdigital.com/blog/laravel-api-integration-services-2026","N/A","","VERDICT_UNSPECIFIED",""
"https://shivatechdigital.com/blog/ai-flutter-development-2026","PASS","Submitted and indexed","INDEXING_ALLOWED","2026-07-22T00:51:53Z","MOBILE","ALLOWED","https://shivatechdigital.com/blog/ai-flutter-development-2026","N/A","","VERDICT_UNSPECIFIED",""
"https://shivatechdigital.com/blog/ai-lead-generation-2026","PASS","Submitted and indexed","INDEXING_ALLOWED","2026-07-22T09:45:48Z","MOBILE","ALLOWED","https://shivatechdigital.com/blog/ai-lead-generation-2026","N/A","","VERDICT_UNSPECIFIED",""
"https://shivatechdigital.com/blog/flutter-app-development-india-smes-2026","PASS","Submitted and indexed","INDEXING_ALLOWED","2026-07-24T18:02:26Z","MOBILE","ALLOWED","https://shivatechdigital.com/blog/flutter-app-development-india-smes-2026","N/A","","VERDICT_UNSPECIFIED",""
"https://shivatechdigital.com/blog/azure-migration-india-saas-2026","PASS","Submitted and indexed","INDEXING_ALLOWED","2026-07-24T17:02:20Z","MOBILE","ALLOWED","https://shivatechdigital.com/blog/azure-migration-india-saas-2026","N/A","","VERDICT_UNSPECIFIED",""
"https://shivatechdigital.com/blog/shopify-d2c-india-strategy-2026","PASS","Submitted and indexed","INDEXING_ALLOWED","2026-08-08T10:12:56Z","MOBILE","ALLOWED","https://shivatechdigital.com/blog/shopify-d2c-india-strategy-2026","N/A","","VERDICT_UNSPECIFIED",""
"https://shivatechdigital.com/blog/aws-cloud-migration-cost","ERROR","HTTP 503","","","","","","N/A","","N/A",""
"https://shivatechdigital.com/blog/ai-apps-2026","PASS","Submitted and indexed","INDEXING_ALLOWED","2026-07-26T09:29:49Z","MOBILE","ALLOWED","https://shivatechdigital.com/blog/ai-apps-2026","N/A","","VERDICT_UNSPECIFIED",""
"https://shivatechdigital.com/blog/nextjs-laravel-api-integration-2026","PASS","Submitted and indexed","INDEXING_ALLOWED","2026-07-26T12:37:38Z","MOBILE","ALLOWED","https://shivatechdigital.com/blog/nextjs-laravel-api-integration-2026","N/A","","VERDICT_UNSPECIFIED",""
"https://shivatechdigital.com/blog/nextjs-for-php-guide-2026","PASS","Submitted and indexed","INDEXING_ALLOWED","2026-07-26T17:19:40Z","MOBILE","ALLOWED","https://shivatechdigital.com/blog/nextjs-for-php-guide-2026","N/A","","VERDICT_UNSPECIFIED",""
"https://shivatechdigital.com/blog/laravel-node-integration-2026","NEUTRAL","Discovered - currently not indexed","INDEXING_STATE_UNSPECIFIED","","CRAWLING_USER_AGENT_UNSPECIFIED","ROBOTS_TXT_STATE_UNSPECIFIED","","N/A","","VERDICT_UNSPECIFIED",""
"https://shivatechdigital.com/blog/laravel-php-guide-2026","PASS","Submitted and indexed","INDEXING_ALLOWED","2026-07-22T16:30:15Z","MOBILE","ALLOWED","https://shivatechdigital.com/blog/laravel-php-guide-2026","N/A","","VERDICT_UNSPECIFIED",""
"https://shivatechdigital.com/blog/flutter-app-development-guide-2026","NEUTRAL","Discovered - currently not indexed","INDEXING_STATE_UNSPECIFIED","","CRAWLING_USER_AGENT_UNSPECIFIED","ROBOTS_TXT_STATE_UNSPECIFIED","","N/A","","VERDICT_UNSPECIFIED",""
"https://shivatechdigital.com/blog/content-marketing-trends-2026","NEUTRAL","Discovered - currently not indexed","INDEXING_STATE_UNSPECIFIED","","CRAWLING_USER_AGENT_UNSPECIFIED","ROBOTS_TXT_STATE_UNSPECIFIED","","N/A","","VERDICT_UNSPECIFIED",""
"https://shivatechdigital.com/blog/influencer-marketing-guide-2026","NEUTRAL","Discovered - currently not indexed","INDEXING_STATE_UNSPECIFIED","","CRAWLING_USER_AGENT_UNSPECIFIED","ROBOTS_TXT_STATE_UNSPECIFIED","","N/A","","VERDICT_UNSPECIFIED",""
"https://shivatechdigital.com/blog/shopify-d2c-strategies-2026","PASS","Submitted and indexed","INDEXING_ALLOWED","2026-07-31T17:41:11Z","MOBILE","ALLOWED","https://shivatechdigital.com/blog/shopify-d2c-strategies-2026","N/A","","VERDICT_UNSPECIFIED",""
"https://shivatechdigital.com/blog/shopify-store-design-guide-2026","NEUTRAL","Discovered - currently not indexed","INDEXING_STATE_UNSPECIFIED","","CRAWLING_USER_AGENT_UNSPECIFIED","ROBOTS_TXT_STATE_UNSPECIFIED","","N/A","","VERDICT_UNSPECIFIED",""
"https://shivatechdigital.com/blog/boost-core-web-vitals-guide-2026","NEUTRAL","Discovered - currently not indexed","INDEXING_STATE_UNSPECIFIED","","CRAWLING_USER_AGENT_UNSPECIFIED","ROBOTS_TXT_STATE_UNSPECIFIED","","N/A","","VERDICT_UNSPECIFIED",""
"https://shivatechdigital.com/blog/aws-cloud-migration-2026","NEUTRAL","Discovered - currently not indexed","INDEXING_STATE_UNSPECIFIED","","CRAWLING_USER_AGENT_UNSPECIFIED","ROBOTS_TXT_STATE_UNSPECIFIED","","N/A","","VERDICT_UNSPECIFIED",""
"https://shivatechdigital.com/blog/instagram-reels-marketing-2026","NEUTRAL","Discovered - currently not indexed","INDEXING_STATE_UNSPECIFIED","","CRAWLING_USER_AGENT_UNSPECIFIED","ROBOTS_TXT_STATE_UNSPECIFIED","","N/A","","VERDICT_UNSPECIFIED",""
"https://shivatechdigital.com/blog/ai-for-d2c-guide-2026","NEUTRAL","Discovered - currently not indexed","INDEXING_STATE_UNSPECIFIED","","CRAWLING_USER_AGENT_UNSPECIFIED","ROBOTS_TXT_STATE_UNSPECIFIED","","N/A","","VERDICT_UNSPECIFIED",""
"https://shivatechdigital.com/blog/core-web-vitals-guide-2026","PASS","Submitted and indexed","INDEXING_ALLOWED","2026-07-23T10:12:32Z","MOBILE","ALLOWED","https://shivatechdigital.com/blog/core-web-vitals-guide-2026","N/A","","VERDICT_UNSPECIFIED",""
"https://shivatechdigital.com/blog/top-web-development-companies-in-noida-2026","PASS","Submitted and indexed","INDEXING_ALLOWED","2026-07-07T17:39:08Z","MOBILE","ALLOWED","https://shivatechdigital.com/blog/top-web-development-companies-in-noida-2026","N/A","","VERDICT_UNSPECIFIED",""
"https://shivatechdigital.com/blog/ai-social-content-guide-2026","PASS","Submitted and indexed","INDEXING_ALLOWED","2026-07-22T12:22:46Z","MOBILE","ALLOWED","https://shivatechdigital.com/blog/ai-social-content-guide-2026","N/A","","VERDICT_UNSPECIFIED",""
"https://shivatechdigital.com/blog/instagram-reels-marketing","PASS","Submitted and indexed","INDEXING_ALLOWED","2026-07-08T21:12:25Z","MOBILE","ALLOWED","https://shivatechdigital.com/blog/instagram-reels-marketing","N/A","","VERDICT_UNSPECIFIED",""
"https://shivatechdigital.com/blog/flutter-ai-integration-guide-2026","PASS","Submitted and indexed","INDEXING_ALLOWED","2026-07-07T17:08:18Z","MOBILE","ALLOWED","https://shivatechdigital.com/blog/flutter-ai-integration-guide-2026","N/A","","VERDICT_UNSPECIFIED",""
"https://shivatechdigital.com/blog/india-super-app-guide-2026","PASS","Submitted and indexed","INDEXING_ALLOWED","2026-07-17T20:38:08Z","MOBILE","ALLOWED","https://shivatechdigital.com/blog/india-super-app-guide-2026","N/A","","VERDICT_UNSPECIFIED",""
"https://shivatechdigital.com/blog/composable-commerce-guide-2026","PASS","Submitted and indexed","INDEXING_ALLOWED","2026-07-17T21:08:06Z","MOBILE","ALLOWED","https://shivatechdigital.com/blog/composable-commerce-guide-2026","N/A","","VERDICT_UNSPECIFIED",""
"https://shivatechdigital.com/blog/azure-cost-optimization-guide-2026","PASS","Submitted and indexed","INDEXING_ALLOWED","2026-07-17T21:35:27Z","MOBILE","ALLOWED","https://shivatechdigital.com/blog/azure-cost-optimization-guide-2026","N/A","","VERDICT_UNSPECIFIED",""
"https://shivatechdigital.com/blog/ai-powered-ppc-guide-2026","PASS","Submitted and indexed","INDEXING_ALLOWED","2026-07-07T18:11:10Z","MOBILE","ALLOWED","https://shivatechdigital.com/blog/ai-powered-ppc-guide-2026","N/A","","VERDICT_UNSPECIFIED",""
"https://shivatechdigital.com/blog/ai-reels-marketing-guide-2026","PASS","Submitted and indexed","INDEXING_ALLOWED","2026-07-08T20:43:53Z","MOBILE","ALLOWED","https://shivatechdigital.com/blog/ai-reels-marketing-guide-2026","N/A","","VERDICT_UNSPECIFIED",""
"https://shivatechdigital.com/blog/ai-seo-strategy-guide-2026","PASS","Submitted and indexed","INDEXING_ALLOWED","2026-07-08T20:45:00Z","MOBILE","ALLOWED","https://shivatechdigital.com/blog/ai-seo-strategy-guide-2026","N/A","","VERDICT_UNSPECIFIED",""
"https://shivatechdigital.com/blog/ai-content-strategy-2026","NEUTRAL","Discovered - currently not indexed","INDEXING_STATE_UNSPECIFIED","","CRAWLING_USER_AGENT_UNSPECIFIED","ROBOTS_TXT_STATE_UNSPECIFIED","","N/A","","VERDICT_UNSPECIFIED",""
"https://shivatechdigital.com/blog/technical-seo-audit-2026","NEUTRAL","URL is unknown to Google","INDEXING_STATE_UNSPECIFIED","","","ROBOTS_TXT_STATE_UNSPECIFIED","","N/A","","VERDICT_UNSPECIFIED",""
"https://shivatechdigital.com/blog/digital-business-growth-in-2026","NEUTRAL","Discovered - currently not indexed","INDEXING_STATE_UNSPECIFIED","","CRAWLING_USER_AGENT_UNSPECIFIED","ROBOTS_TXT_STATE_UNSPECIFIED","","N/A","","VERDICT_UNSPECIFIED",""
"https://shivatechdigital.com/blog/digital-strategy-trends-2026","NEUTRAL","Discovered - currently not indexed","INDEXING_STATE_UNSPECIFIED","","CRAWLING_USER_AGENT_UNSPECIFIED","ROBOTS_TXT_STATE_UNSPECIFIED","","N/A","","VERDICT_UNSPECIFIED",""
"https://shivatechdigital.com/blog/digital-future-trends-2026","NEUTRAL","Discovered - currently not indexed","INDEXING_STATE_UNSPECIFIED","","CRAWLING_USER_AGENT_UNSPECIFIED","ROBOTS_TXT_STATE_UNSPECIFIED","","N/A","","VERDICT_UNSPECIFIED",""
"https://shivatechdigital.com/blog/ai-personalization-ppc-guide","ERROR","Failed to fetch","","","","","","N/A","","N/A",""
"https://shivatechdigital.com/blog/azure-cloud-migration-for-scalability-2026","NEUTRAL","Discovered - currently not indexed","INDEXING_STATE_UNSPECIFIED","","CRAWLING_USER_AGENT_UNSPECIFIED","ROBOTS_TXT_STATE_UNSPECIFIED","","N/A","","VERDICT_UNSPECIFIED",""
"https://shivatechdigital.com/blog/azure-vs-aws-cost-optimization-2026","NEUTRAL","Discovered - currently not indexed","INDEXING_STATE_UNSPECIFIED","","CRAWLING_USER_AGENT_UNSPECIFIED","ROBOTS_TXT_STATE_UNSPECIFIED","","N/A","","VERDICT_UNSPECIFIED",""
"https://shivatechdigital.com/blog/ecommerce-trends-2026","ERROR","Failed to fetch","","","","","","N/A","","N/A",""
"https://shivatechdigital.com/blog/local-seo-google-maps-2026","NEUTRAL","Discovered - currently not indexed","INDEXING_STATE_UNSPECIFIED","","CRAWLING_USER_AGENT_UNSPECIFIED","ROBOTS_TXT_STATE_UNSPECIFIED","","N/A","","VERDICT_UNSPECIFIED",""
"https://shivatechdigital.com/blog/digital-trends-2026-report","NEUTRAL","Discovered - currently not indexed","INDEXING_STATE_UNSPECIFIED","","CRAWLING_USER_AGENT_UNSPECIFIED","ROBOTS_TXT_STATE_UNSPECIFIED","","N/A","","VERDICT_UNSPECIFIED",""
"https://shivatechdigital.com/blog/ai-email-marketing-lead-generation-2026","PASS","Submitted and indexed","INDEXING_ALLOWED","2026-07-20T15:10:37Z","MOBILE","ALLOWED","https://shivatechdigital.com/blog/ai-email-marketing-lead-generation-2026","N/A","","VERDICT_UNSPECIFIED",""
"https://shivatechdigital.com/blog/flutter-vs-react-native-2026","PASS","Submitted and indexed","INDEXING_ALLOWED","2026-07-31T02:46:40Z","MOBILE","ALLOWED","https://shivatechdigital.com/blog/flutter-vs-react-native-2026","N/A","","VERDICT_UNSPECIFIED",""
"https://shivatechdigital.com/blog/lead-generation-ppc-2026","PASS","Submitted and indexed","INDEXING_ALLOWED","2026-07-30T15:27:00Z","MOBILE","ALLOWED","https://shivatechdigital.com/blog/lead-generation-ppc-2026","N/A","","VERDICT_UNSPECIFIED",""
"https://shivatechdigital.com/blog/youtube-reels-marketing-2026","PASS","Submitted and indexed","INDEXING_ALLOWED","2026-07-28T17:23:50Z","MOBILE","ALLOWED","https://shivatechdigital.com/blog/youtube-reels-marketing-2026","N/A","","VERDICT_UNSPECIFIED",""
"https://shivatechdigital.com/blog/local-seo-core-web-vitals-2026","PASS","Submitted and indexed","INDEXING_ALLOWED","2026-07-28T16:52:03Z","MOBILE","ALLOWED","https://shivatechdigital.com/blog/local-seo-core-web-vitals-2026","N/A","","VERDICT_UNSPECIFIED",""
"https://shivatechdigital.com/blog/lead-gen-strategies-india-2026","PASS","Submitted and indexed","INDEXING_ALLOWED","2026-07-22T10:15:49Z","MOBILE","ALLOWED","https://shivatechdigital.com/blog/lead-gen-strategies-india-2026","N/A","","VERDICT_UNSPECIFIED",""
"https://shivatechdigital.com/blog/shopify-ecommerce-solutions-2026","PASS","Submitted and indexed","INDEXING_ALLOWED","2026-07-14T12:11:26Z","MOBILE","ALLOWED","https://shivatechdigital.com/blog/shopify-ecommerce-solutions-2026","N/A","","VERDICT_UNSPECIFIED",""
"https://shivatechdigital.com/blog/react-native-app-dev-india-2026","PASS","Submitted and indexed","INDEXING_ALLOWED","2026-07-31T05:32:57Z","MOBILE","ALLOWED","https://shivatechdigital.com/blog/react-native-app-dev-india-2026","N/A","","VERDICT_UNSPECIFIED",""
"https://shivatechdigital.com/blog/ai-search-optimization-guide-2026","PASS","Submitted and indexed","INDEXING_ALLOWED","2026-07-08T20:43:15Z","MOBILE","ALLOWED","https://shivatechdigital.com/blog/ai-search-optimization-guide-2026","N/A","","VERDICT_UNSPECIFIED",""
"https://shivatechdigital.com/blog/laravel-api-solutions-2026","PASS","Submitted and indexed","INDEXING_ALLOWED","2026-07-19T10:00:54Z","MOBILE","ALLOWED","https://shivatechdigital.com/blog/laravel-api-solutions-2026","N/A","","VERDICT_UNSPECIFIED",""
"https://shivatechdigital.com/blog/digital-transformation-2026-guide","PASS","Submitted and indexed","INDEXING_ALLOWED","2026-07-31T08:27:57Z","MOBILE","ALLOWED","https://shivatechdigital.com/blog/digital-transformation-2026-guide","N/A","","VERDICT_UNSPECIFIED",""
"https://shivatechdigital.com/blog/ppc-campaigns-india-2026","PASS","Submitted and indexed","INDEXING_ALLOWED","2026-07-17T06:30:16Z","MOBILE","ALLOWED","https://shivatechdigital.com/blog/ppc-campaigns-india-2026","N/A","","VERDICT_UNSPECIFIED",""
"https://shivatechdigital.com/blog/headless-d2c-strategy-guide-2026","PASS","Submitted and indexed","INDEXING_ALLOWED","2026-07-08T20:39:40Z","MOBILE","ALLOWED","https://shivatechdigital.com/blog/headless-d2c-strategy-guide-2026","N/A","","VERDICT_UNSPECIFIED",""
"https://shivatechdigital.com/blog/google-ads-ppc-services-in-india-2026","PASS","Submitted and indexed","INDEXING_ALLOWED","2026-07-27T14:21:12Z","MOBILE","ALLOWED","https://shivatechdigital.com/blog/google-ads-ppc-services-in-india-2026","N/A","","VERDICT_UNSPECIFIED",""
"https://shivatechdigital.com/blog/ai-seo-strategies-2026","NEUTRAL","Discovered - currently not indexed","INDEXING_STATE_UNSPECIFIED","","CRAWLING_USER_AGENT_UNSPECIFIED","ROBOTS_TXT_STATE_UNSPECIFIED","","N/A","","VERDICT_UNSPECIFIED",""
"https://shivatechdigital.com/blog/azure-cloud-migration-2026","PASS","Submitted and indexed","INDEXING_ALLOWED","2026-07-14T11:26:56Z","MOBILE","ALLOWED","https://shivatechdigital.com/blog/azure-cloud-migration-2026","N/A","","VERDICT_UNSPECIFIED",""
"https://shivatechdigital.com/blog/azure-cloud-migration-for-smes-2026","NEUTRAL","Discovered - currently not indexed","INDEXING_STATE_UNSPECIFIED","","CRAWLING_USER_AGENT_UNSPECIFIED","ROBOTS_TXT_STATE_UNSPECIFIED","","N/A","","VERDICT_UNSPECIFIED",""
"https://shivatechdigital.com/blog/ai-powered-ppc-lead-generation-2026","PASS","Submitted and indexed","INDEXING_ALLOWED","2026-07-20T15:02:42Z","MOBILE","ALLOWED","https://shivatechdigital.com/blog/ai-powered-ppc-lead-generation-2026","N/A","","VERDICT_UNSPECIFIED",""
"https://shivatechdigital.com/blog/azure-kubernetes-migration-cost-2026","NEUTRAL","Discovered - currently not indexed","INDEXING_STATE_UNSPECIFIED","","CRAWLING_USER_AGENT_UNSPECIFIED","ROBOTS_TXT_STATE_UNSPECIFIED","","N/A","","VERDICT_UNSPECIFIED",""
"https://shivatechdigital.com/blog/headless-commerce-india-2026","PASS","Submitted and indexed","INDEXING_ALLOWED","2026-07-16T20:01:31Z","MOBILE","ALLOWED","https://shivatechdigital.com/blog/headless-commerce-india-2026","N/A","","VERDICT_UNSPECIFIED",""
"https://shivatechdigital.com/blog/digital-marketing-strategies-for-noida-businesses","PASS","Submitted and indexed","INDEXING_ALLOWED","2026-07-17T22:50:59Z","MOBILE","ALLOWED","https://shivatechdigital.com/blog/digital-marketing-strategies-for-noida-businesses","N/A","","VERDICT_UNSPECIFIED",""
"https://shivatechdigital.com/blog/ppc-india-2026","PASS","Submitted and indexed","INDEXING_ALLOWED","2026-07-15T04:42:44Z","MOBILE","ALLOWED","https://shivatechdigital.com/blog/ppc-india-2026","N/A","","VERDICT_UNSPECIFIED",""
"https://shivatechdigital.com/blog/laravel-ecommerce-solutions-2026","PASS","Submitted and indexed","INDEXING_ALLOWED","2026-07-14T10:40:43Z","MOBILE","ALLOWED","https://shivatechdigital.com/blog/laravel-ecommerce-solutions-2026","N/A","","VERDICT_UNSPECIFIED",""
"https://shivatechdigital.com/blog/shopify-optimization-2026","PASS","Submitted and indexed","INDEXING_ALLOWED","2026-07-14T11:46:07Z","MOBILE","ALLOWED","https://shivatechdigital.com/blog/shopify-optimization-2026","N/A","","VERDICT_UNSPECIFIED",""
"https://shivatechdigital.com/blog/aws-cloud-migration-solutions-2026","NEUTRAL","Discovered - currently not indexed","INDEXING_STATE_UNSPECIFIED","","CRAWLING_USER_AGENT_UNSPECIFIED","ROBOTS_TXT_STATE_UNSPECIFIED","","N/A","","VERDICT_UNSPECIFIED",""
"https://shivatechdigital.com/blog/laravel-experts-2026","PASS","Submitted and indexed","INDEXING_ALLOWED","2026-07-15T06:48:03Z","MOBILE","ALLOWED","https://shivatechdigital.com/blog/laravel-experts-2026","N/A","","VERDICT_UNSPECIFIED",""
"https://shivatechdigital.com/blog/ai-content-marketing-trends-2026","NEUTRAL","Discovered - currently not indexed","INDEXING_STATE_UNSPECIFIED","","CRAWLING_USER_AGENT_UNSPECIFIED","ROBOTS_TXT_STATE_UNSPECIFIED","","N/A","","VERDICT_UNSPECIFIED",""
"https://shivatechdigital.com/blog/azure-cloud-migration-guide-2026","NEUTRAL","Discovered - currently not indexed","INDEXING_STATE_UNSPECIFIED","","CRAWLING_USER_AGENT_UNSPECIFIED","ROBOTS_TXT_STATE_UNSPECIFIED","","N/A","","VERDICT_UNSPECIFIED",""
"https://shivatechdigital.com/blog/local-seo-vitals-strategy-2026","PASS","Submitted and indexed","INDEXING_ALLOWED","2026-07-29T09:42:32Z","MOBILE","ALLOWED","https://shivatechdigital.com/blog/local-seo-vitals-strategy-2026","N/A","","VERDICT_UNSPECIFIED",""
"https://shivatechdigital.com/blog/nextjs-ai-development-guide-2026","PASS","Submitted and indexed","INDEXING_ALLOWED","2026-07-26T19:22:34Z","MOBILE","ALLOWED","https://shivatechdigital.com/blog/nextjs-ai-development-guide-2026","N/A","","VERDICT_UNSPECIFIED",""
"https://shivatechdigital.com/blog/azure-cloud-migration-strategy-2026","NEUTRAL","Discovered - currently not indexed","INDEXING_STATE_UNSPECIFIED","","CRAWLING_USER_AGENT_UNSPECIFIED","ROBOTS_TXT_STATE_UNSPECIFIED","","N/A","","VERDICT_UNSPECIFIED",""
"https://shivatechdigital.com/blog/cloud-migration-solutions-2026","PASS","Submitted and indexed","INDEXING_ALLOWED","2026-07-14T11:13:43Z","MOBILE","ALLOWED","https://shivatechdigital.com/blog/cloud-migration-solutions-2026","N/A","","VERDICT_UNSPECIFIED",""
"https://shivatechdigital.com/blog/local-seo-strategies-india-2026","PASS","Submitted and indexed","INDEXING_ALLOWED","2026-08-01T02:21:28Z","MOBILE","ALLOWED","https://shivatechdigital.com/blog/local-seo-strategies-india-2026","N/A","","VERDICT_UNSPECIFIED",""
"https://shivatechdigital.com/blog/flutter-app-growth-2026","PASS","Submitted and indexed","INDEXING_ALLOWED","2026-07-15T05:29:30Z","MOBILE","ALLOWED","https://shivatechdigital.com/blog/flutter-app-growth-2026","N/A","","VERDICT_UNSPECIFIED",""
"https://shivatechdigital.com/blog/kubernetes-cost-optimization-guide-2026","NEUTRAL","Discovered - currently not indexed","INDEXING_STATE_UNSPECIFIED","","CRAWLING_USER_AGENT_UNSPECIFIED","ROBOTS_TXT_STATE_UNSPECIFIED","","N/A","","VERDICT_UNSPECIFIED",""
"https://shivatechdigital.com/blog/ppc-marketing-tips-2026","PASS","Submitted and indexed","INDEXING_ALLOWED","2026-07-26T08:46:31Z","MOBILE","ALLOWED","https://shivatechdigital.com/blog/ppc-marketing-tips-2026","N/A","","VERDICT_UNSPECIFIED",""
"https://shivatechdigital.com/blog/laravel-api-development-trends-2026","NEUTRAL","Discovered - currently not indexed","INDEXING_STATE_UNSPECIFIED","","CRAWLING_USER_AGENT_UNSPECIFIED","ROBOTS_TXT_STATE_UNSPECIFIED","","N/A","","VERDICT_UNSPECIFIED",""
"https://shivatechdigital.com/blog/ai-content-marketing-india-2026-guide","NEUTRAL","Discovered - currently not indexed","INDEXING_STATE_UNSPECIFIED","","CRAWLING_USER_AGENT_UNSPECIFIED","ROBOTS_TXT_STATE_UNSPECIFIED","","N/A","","VERDICT_UNSPECIFIED",""
"https://shivatechdigital.com/blog/azure-cost-optimization-india-2026","PASS","Submitted and indexed","INDEXING_ALLOWED","2026-07-27T01:58:40Z","MOBILE","ALLOWED","https://shivatechdigital.com/blog/azure-cost-optimization-india-2026","N/A","","VERDICT_UNSPECIFIED",""
"https://shivatechdigital.com/blog/ppc-marketing-guide-2026","NEUTRAL","Discovered - currently not indexed","INDEXING_STATE_UNSPECIFIED","","CRAWLING_USER_AGENT_UNSPECIFIED","ROBOTS_TXT_STATE_UNSPECIFIED","","N/A","","VERDICT_UNSPECIFIED",""
"https://shivatechdigital.com/blog/shopify-vs-woocommerce-2026-comparison","PASS","Submitted and indexed","INDEXING_ALLOWED","2026-08-01T14:39:41Z","MOBILE","ALLOWED","https://shivatechdigital.com/blog/shopify-vs-woocommerce-2026-comparison","N/A","","VERDICT_UNSPECIFIED",""
"https://shivatechdigital.com/blog/shopify-india-growth-2026","PASS","Submitted and indexed","INDEXING_ALLOWED","2026-07-22T15:48:40Z","MOBILE","ALLOWED","https://shivatechdigital.com/blog/shopify-india-growth-2026","N/A","","VERDICT_UNSPECIFIED",""
"https://shivatechdigital.com/blog/ppc-ads-india-2026","PASS","Submitted and indexed","INDEXING_ALLOWED","2026-07-19T01:53:35Z","MOBILE","ALLOWED","https://shivatechdigital.com/blog/ppc-ads-india-2026","PASS","","VERDICT_UNSPECIFIED",""
"https://shivatechdigital.com/blog/ppc-lead-generation-2026","PASS","Submitted and indexed","INDEXING_ALLOWED","2026-07-16T04:40:06Z","MOBILE","ALLOWED","https://shivatechdigital.com/blog/ppc-lead-generation-2026","N/A","","VERDICT_UNSPECIFIED",""
"https://shivatechdigital.com/blog/core-web-vitals-2026","PASS","Submitted and indexed","INDEXING_ALLOWED","2026-07-15T05:53:15Z","MOBILE","ALLOWED","https://shivatechdigital.com/blog/core-web-vitals-2026","N/A","","VERDICT_UNSPECIFIED",""
"https://shivatechdigital.com/blog/swiftui-app-development-trends-2026","NEUTRAL","Discovered - currently not indexed","INDEXING_STATE_UNSPECIFIED","","CRAWLING_USER_AGENT_UNSPECIFIED","ROBOTS_TXT_STATE_UNSPECIFIED","","N/A","","VERDICT_UNSPECIFIED",""
"https://shivatechdigital.com/blog/ppc-results-2026","PASS","Submitted and indexed","INDEXING_ALLOWED","2026-07-22T02:03:23Z","MOBILE","ALLOWED","https://shivatechdigital.com/blog/ppc-results-2026","N/A","","VERDICT_UNSPECIFIED",""
"https://shivatechdigital.com/blog/hybrid-cloud-strategy-2026","PASS","Submitted and indexed","INDEXING_ALLOWED","2026-07-26T10:34:25Z","MOBILE","ALLOWED","https://shivatechdigital.com/blog/hybrid-cloud-strategy-2026","N/A","","VERDICT_UNSPECIFIED",""
"https://shivatechdigital.com/blog/cloud-finops-strategy-2026-guide","ERROR","Failed to fetch","","","","","","N/A","","N/A",""
"https://shivatechdigital.com/blog/d2c-shopify-trends-2026","NEUTRAL","Discovered - currently not indexed","INDEXING_STATE_UNSPECIFIED","","CRAWLING_USER_AGENT_UNSPECIFIED","ROBOTS_TXT_STATE_UNSPECIFIED","","N/A","","VERDICT_UNSPECIFIED",""
"https://shivatechdigital.com/blog/d2c-sales-shopify-plus-india-2026","PASS","Submitted and indexed","INDEXING_ALLOWED","2026-07-29T00:31:54Z","MOBILE","ALLOWED","https://shivatechdigital.com/blog/d2c-sales-shopify-plus-india-2026","N/A","","VERDICT_UNSPECIFIED",""
"https://shivatechdigital.com/blog/ai-ppc-automation-guide-2026","PASS","Submitted and indexed","INDEXING_ALLOWED","2026-07-28T10:39:39Z","MOBILE","ALLOWED","https://shivatechdigital.com/blog/ai-ppc-automation-guide-2026","N/A","","VERDICT_UNSPECIFIED",""
"https://shivatechdigital.com/blog/ppc-lead-generation-india-2026","PASS","Submitted and indexed","INDEXING_ALLOWED","2026-07-27T22:43:06Z","MOBILE","ALLOWED","https://shivatechdigital.com/blog/ppc-lead-generation-india-2026","N/A","","VERDICT_UNSPECIFIED",""
"https://shivatechdigital.com/blog/ai-lead-generation-smes-2026","PASS","Submitted and indexed","INDEXING_ALLOWED","2026-08-05T09:31:34Z","MOBILE","ALLOWED","https://shivatechdigital.com/blog/ai-lead-generation-smes-2026","PASS","","VERDICT_UNSPECIFIED",""
"https://shivatechdigital.com/blog/nextjs-laravel-api-guide-2026","NEUTRAL","Discovered - currently not indexed","INDEXING_STATE_UNSPECIFIED","","CRAWLING_USER_AGENT_UNSPECIFIED","ROBOTS_TXT_STATE_UNSPECIFIED","","N/A","","VERDICT_UNSPECIFIED",""
"https://shivatechdigital.com/blog/ai-seo-india-2026","PASS","Submitted and indexed","INDEXING_ALLOWED","2026-07-29T15:21:59Z","MOBILE","ALLOWED","https://shivatechdigital.com/blog/ai-seo-india-2026","N/A","","VERDICT_UNSPECIFIED",""
"https://shivatechdigital.com/blog/future-tech-trends-2026","PASS","Submitted and indexed","INDEXING_ALLOWED","2026-07-31T01:47:37Z","MOBILE","ALLOWED","https://shivatechdigital.com/blog/future-tech-trends-2026","N/A","","VERDICT_UNSPECIFIED",""
"https://shivatechdigital.com/blog/nextjs-server-components-guide-2026","NEUTRAL","Discovered - currently not indexed","INDEXING_STATE_UNSPECIFIED","","CRAWLING_USER_AGENT_UNSPECIFIED","ROBOTS_TXT_STATE_UNSPECIFIED","","N/A","","VERDICT_UNSPECIFIED",""
"https://shivatechdigital.com/blog/shopify-ai-tools-2026","NEUTRAL","Discovered - currently not indexed","INDEXING_STATE_UNSPECIFIED","","CRAWLING_USER_AGENT_UNSPECIFIED","ROBOTS_TXT_STATE_UNSPECIFIED","","N/A","","VERDICT_UNSPECIFIED",""
"https://shivatechdigital.com/blog/mobile-app-development-in-delhi","PASS","Submitted and indexed","INDEXING_ALLOWED","2026-07-17T21:14:56Z","MOBILE","ALLOWED","https://shivatechdigital.com/blog/mobile-app-development-in-delhi","N/A","","VERDICT_UNSPECIFIED",""
"https://shivatechdigital.com/blog/azure-cloud-migration-smes-2026","PASS","Submitted and indexed","INDEXING_ALLOWED","2026-08-01T07:39:17Z","MOBILE","ALLOWED","https://shivatechdigital.com/blog/azure-cloud-migration-smes-2026","N/A","","VERDICT_UNSPECIFIED",""
"https://shivatechdigital.com/blog/nextjs-storefronts-india-2026","PASS","Submitted and indexed","INDEXING_ALLOWED","2026-07-31T01:39:09Z","MOBILE","ALLOWED","https://shivatechdigital.com/blog/nextjs-storefronts-india-2026","N/A","","VERDICT_UNSPECIFIED",""
"https://shivatechdigital.com/blog/ecommerce-solutions-online-2026","PASS","Submitted and indexed","INDEXING_ALLOWED","2026-07-14T15:59:44Z","MOBILE","ALLOWED","https://shivatechdigital.com/blog/ecommerce-solutions-online-2026","FAIL","Parsing error: Missing ',' or '}' | Parsing error: Missing ',' or '}'","VERDICT_UNSPECIFIED",""
"https://shivatechdigital.com/blog/ai-email-marketing-india-2026","PASS","Submitted and indexed","INDEXING_ALLOWED","2026-07-19T04:17:11Z","MOBILE","ALLOWED","https://shivatechdigital.com/blog/ai-email-marketing-india-2026","N/A","","VERDICT_UNSPECIFIED",""
"https://shivatechdigital.com/blog/azure-cloud-migration-india-smes-2026","PASS","Submitted and indexed","INDEXING_ALLOWED","2026-07-27T11:18:18Z","MOBILE","ALLOWED","https://shivatechdigital.com/blog/azure-cloud-migration-india-smes-2026","N/A","","VERDICT_UNSPECIFIED",""
"https://shivatechdigital.com/blog/instagram-reels-2026","PASS","Submitted and indexed","INDEXING_ALLOWED","2026-08-05T14:30:42Z","MOBILE","ALLOWED","https://shivatechdigital.com/blog/instagram-reels-2026","N/A","","VERDICT_UNSPECIFIED",""
"https://shivatechdigital.com/blog/ppc-campaigns-2026","PASS","Submitted and indexed","INDEXING_ALLOWED","2026-07-15T20:51:56Z","MOBILE","ALLOWED","https://shivatechdigital.com/blog/ppc-campaigns-2026","PASS","","VERDICT_UNSPECIFIED",""
"https://shivatechdigital.com/blog/lead-generation-india-saas-2026","PASS","Submitted and indexed","INDEXING_ALLOWED","2026-07-28T09:54:44Z","MOBILE","ALLOWED","https://shivatechdigital.com/blog/lead-generation-india-saas-2026","N/A","","VERDICT_UNSPECIFIED",""
"https://shivatechdigital.com/blog/d2c-sales-headless-commerce-2026","PASS","Submitted and indexed","INDEXING_ALLOWED","2026-07-27T00:59:48Z","MOBILE","ALLOWED","https://shivatechdigital.com/blog/d2c-sales-headless-commerce-2026","N/A","","VERDICT_UNSPECIFIED",""
"https://shivatechdigital.com/blog/shopify-ecommerce-2026","PASS","Submitted and indexed","INDEXING_ALLOWED","2026-07-14T12:14:51Z","MOBILE","ALLOWED","https://shivatechdigital.com/blog/shopify-ecommerce-2026","N/A","","VERDICT_UNSPECIFIED",""
"https://shivatechdigital.com/blog/ai-chatbots-ecommerce-2026-boost-sales","PASS","Submitted and indexed","INDEXING_ALLOWED","2026-07-31T21:09:52Z","MOBILE","ALLOWED","https://shivatechdigital.com/blog/ai-chatbots-ecommerce-2026-boost-sales","N/A","","VERDICT_UNSPECIFIED",""
"https://shivatechdigital.com/blog/custom-ai-apps-development-india-2026","PASS","Submitted and indexed","INDEXING_ALLOWED","2026-07-22T01:38:24Z","MOBILE","ALLOWED","https://shivatechdigital.com/blog/custom-ai-apps-development-india-2026","N/A","","VERDICT_UNSPECIFIED",""
"https://shivatechdigital.com/blog/digital-marketing-strategies-2026","PASS","Submitted and indexed","INDEXING_ALLOWED","2026-07-17T00:56:37Z","MOBILE","ALLOWED","https://shivatechdigital.com/blog/digital-marketing-strategies-2026","N/A","","VERDICT_UNSPECIFIED",""
"https://shivatechdigital.com/blog/reels-marketing-2026","PASS","Submitted and indexed","INDEXING_ALLOWED","2026-07-08T20:51:01Z","MOBILE","ALLOWED","https://shivatechdigital.com/blog/reels-marketing-2026","N/A","","VERDICT_UNSPECIFIED",""
"https://shivatechdigital.com/blog/flutter-enterprise-apps-guide-2026","PASS","Submitted and indexed","INDEXING_ALLOWED","2026-07-17T03:44:07Z","MOBILE","ALLOWED","https://shivatechdigital.com/blog/flutter-enterprise-apps-guide-2026","N/A","","VERDICT_UNSPECIFIED",""
"https://shivatechdigital.com/blog/cloud-migration-services-2026","PASS","Submitted and indexed","INDEXING_ALLOWED","2026-07-14T09:59:49Z","MOBILE","ALLOWED","https://shivatechdigital.com/blog/cloud-migration-services-2026","N/A","","VERDICT_UNSPECIFIED",""
"https://shivatechdigital.com/blog/laravel-api-development-2026","PASS","Submitted and indexed","INDEXING_ALLOWED","2026-07-15T06:45:44Z","MOBILE","ALLOWED","https://shivatechdigital.com/blog/laravel-api-development-2026","N/A","","VERDICT_UNSPECIFIED",""
"https://shivatechdigital.com/blog/ai-lead-generation-india-2026","PASS","Submitted and indexed","INDEXING_ALLOWED","2026-07-17T02:34:05Z","MOBILE","ALLOWED","https://shivatechdigital.com/blog/ai-lead-generation-india-2026","N/A","","VERDICT_UNSPECIFIED",""
"https://shivatechdigital.com/blog/ppc-marketing-2026","PASS","Submitted and indexed","INDEXING_ALLOWED","2026-07-15T06:47:22Z","MOBILE","ALLOWED","https://shivatechdigital.com/blog/ppc-marketing-2026","N/A","","VERDICT_UNSPECIFIED",""
"https://shivatechdigital.com/category/digital-marketing","NEUTRAL","Crawled - currently not indexed","INDEXING_ALLOWED","2026-06-20T07:30:31Z","MOBILE","ALLOWED","https://shivatechdigital.com/category/digital-marketing","N/A","","VERDICT_UNSPECIFIED",""
"https://shivatechdigital.com/category/web-development","PASS","Submitted and indexed","INDEXING_ALLOWED","2026-07-29T05:30:46Z","MOBILE","ALLOWED","https://shivatechdigital.com/category/web-development","N/A","","VERDICT_UNSPECIFIED",""
"https://shivatechdigital.com/category/app-development","PASS","Submitted and indexed","INDEXING_ALLOWED","2026-07-26T18:04:38Z","MOBILE","ALLOWED","https://shivatechdigital.com/category/app-development","N/A","","VERDICT_UNSPECIFIED",""
"https://shivatechdigital.com/category/search-engine-optimization-seo","NEUTRAL","Crawled - currently not indexed","INDEXING_ALLOWED","2026-06-13T11:47:18Z","MOBILE","ALLOWED","https://shivatechdigital.com/category/search-engine-optimization-seo","N/A","","VERDICT_UNSPECIFIED",""
"https://shivatechdigital.com/category/social-media-marketing","PASS","Submitted and indexed","INDEXING_ALLOWED","2026-07-09T00:56:36Z","MOBILE","ALLOWED","https://shivatechdigital.com/category/social-media-marketing","N/A","","VERDICT_UNSPECIFIED",""
"https://shivatechdigital.com/category/e-commerce-development","PASS","Submitted and indexed","INDEXING_ALLOWED","2026-08-02T17:50:44Z","MOBILE","ALLOWED","https://shivatechdigital.com/category/e-commerce-development","N/A","","VERDICT_UNSPECIFIED",""
"https://shivatechdigital.com/category/ecommerce-solutions-2026","NEUTRAL","Discovered - currently not indexed","INDEXING_STATE_UNSPECIFIED","","CRAWLING_USER_AGENT_UNSPECIFIED","ROBOTS_TXT_STATE_UNSPECIFIED","","N/A","","VERDICT_UNSPECIFIED",""
"https://shivatechdigital.com/category/cloud-migration","PASS","Submitted and indexed","INDEXING_ALLOWED","2026-07-22T08:05:11Z","MOBILE","ALLOWED","https://shivatechdigital.com/category/cloud-migration","N/A","","VERDICT_UNSPECIFIED",""